"text","total","positive","negative","scores","kelas","aspek"
"ppkm berjalan tidak efektif menekan covid menekan ekonomi tidak terapkan uu karantina trilyun menguap tidak efek apapun walou terlambat lock down alihkan dana insfrastruktur jaminan hidup rakyat",11,2,9,-7,"negatif","Masyarakat umum"
"ramai rakyat terkorban covid ekonomi merundum pn menipu rakyat parlimen dibuka ahli parlimen tidak membahaskan isu rakyat pn pm tidak mengemudi negara krisis pm kabinet mesti berundur malek resetmalaysia",8,1,7,-6,"negatif","Masyarakat umum"
"buruh meminta gaji pejabat dipotong tangani covid",2,0,2,-2,"negatif","Tenaga Kerja"
"ppkm diperpanjang mpe agustus pilihan masyarakat pemerintah menghadapi ancaman keselamatan jiwa akibat covid menghadapi ancaman ekonomi kehilangan mata pencarian pekerjaan jokowi",8,1,7,-6,"negatif","Masyarakat umum"
"bebas darurat tidak bebas covid tidak bebas kemelesetan ekonomi tidak bebas kehilangan nyawa mata pencarian kerana kegagalan pn menangani covid",12,4,8,-4,"negatif","Masyarakat umum"
"paham ayo ragu manfaatkan relaksasinya keberlangsungan bisnis sobatkompetisi mempercepat pemulihan ekonomi akibat pandemi covid lupa tag rekan informasi",5,2,3,-1,"negatif","Masyarakat umum"
"terkesan ekoran pandemik covid meneruskan perniagaan rm juta diperuntukkan pakej perlindungan rakyat pemulihan ekonomi pemulih",4,3,1,2,"positif","Masyarakat umum"
"mengajak pengamal media berganding bahu menumpukan usaha memerangi covid menjaga kebajikan rakyat meneruskan kelangsungan ekonomi negara komunikasikita jabatanpenerangan",2,1,1,0,"netral","Masyarakat umum"
"sih okay nak cucuk vaksin beribu kali ekonomi n penyakit covid kasih hapus terbaik mengambil kesempatan kesempatan",3,1,2,-1,"negatif","Masyarakat umum"
"salah tunggulah covid reda pembangkang pikirkan jawatan ramai tenat frontliner tenat peniaga tenat student tenat terkurung pkp tenat ekonomi negara tenat nasib",5,1,4,-3,"negatif","Masyarakat umum"
"minggu swab kilang sanggup habiskan duit nak jalankan produk ekonomi positif pon deh ramai mati pon deh ramai pekerja pon takot nak kerja kes covid",5,1,4,-3,"negatif","Tenaga Kerja"
"ketua komite penanggulangan covid pemulihan ekonomi nasional pasang gambar dimana kerja indonesia tidak juara dunia",5,3,2,1,"positif","Tenaga Kerja"
"seremnya kayak benaran kejadian lho ppkm diulur ulur mengorbankan ekonomi penanganan covid membaik exhausted capek",2,0,2,-2,"negatif","Masyarakat umum"
"ppkm darurat agustus rapatkan barisan pemulihan penanganan covid ditangani ekonomi rakyat berjalan ayo disiplin menerapkan prokes vaksinasi beranipeduli gerakanberbagiuntukwarga",2,1,1,0,"netral","Masyarakat umum"
"buruh meminta gaji pejabat dipotong tangani covid ketua konfederasi serikat nasional ksn pemerintah memaksimalkan sumber daya negara penanganan covid salah satunya memotong gaji tunjangan pejabat",4,0,4,-4,"negatif","Tenaga Kerja"
"agenda sidang parlimen tergantung akibat penangguhan pakej bantuan ekonomi covid pelaksanaan darurat melawan covid isu rakyat kerajaan tutup parlimen kerajaan tidak prihatin nasib rakyat kerajaangila bukaparlimen",7,2,5,-3,"negatif","Masyarakat umum"
"grab indonesia menggandeng perusahaan menggalang donasi disalurkan membantu warga pendapatannya terdampak pandemi covid ekonomi adadikompas",2,1,1,0,"netral","Masyarakat umum"
"kuota rumah subsidi fasilitas likuiditas pembiayaan perumahan flpp habis september permintaan rumah masyarakat berpenghasilan rendah tumbuh pandemi covid ekonomi adadikompas",5,2,3,-1,"negatif","Masyarakat umum"
"iskandar investment bhd anak syarikatnya educity educity jadikan kompleks sukan educity ppv menetapkan sasaran seramai individu suntikan vaksin covid menangbersama lindungdirilindungsemua",2,0,2,-2,"negatif","Masyarakat umum"
"penganalis politik bercakap parlimen buka darurat deh ekonomi covid be ambah darurat tiada usik kedudukan pn penganalis pengampu",1,0,1,-1,"negatif","Masyarakat umum"
"krisis covid ekonomi indonesia rabu agustus wib registrasi zoom almi tv sainsgardadepan covid ekonomi",5,0,5,-5,"negatif","Masyarakat umum"
"krisis covid ekonomi indonesia produk domestik bruto pdb menurun persen resesi pe kali dekade",6,0,6,-6,"negatif","UMKM"
"merespons kondisi almi menyelenggarakan scientist series membahas resesi akibat krisis covid berdampak isu ekonomi sepe i kemiskinan lapangan kerja perdagangan berdampak ketimpangan kualitas modal manusia",7,0,7,-7,"negatif","UMKM"
"deh setahun covid bunuh orang harini data expect esok kes turun esok federal bajet kesihatan berpuluh billion dkt selangor biar selangor manage lagipun ekonomi negara selangor sumbang setuju selangor terer",3,1,2,-1,"negatif","Masyarakat umum"
"pencapaian ekonomi era surabaya era orang didukung orang jomplang cing lo bilang covid ya hitungan pe covid grinning face grinning face",3,1,2,-1,"negatif","Masyarakat umum"
"situasi bali murung cengkeraman pandemi covid beranjak pergi meredam pendar pendar cahaya keriaan dunia pariwisata sektor ekonomi menyumbang persen produk domestik bruto pdb provinsi indonesiagoid gprindonesia",3,1,2,-1,"negatif","Pariwisata"
"vaksin terbaik vaksin tersedia akses informasi terkait covid kunjungi situs resmi penanganan covid pemulihan ekonomi nasional indonesiabangkit menterikkp",6,4,2,2,"positif","Masyarakat umum"
"terpopuler kabar keluarga almarhum pengusaha akidi tio menyumbang rp triliun membantu penanganan covid mencuri perhatian tokoh publik",6,3,3,0,"netral","Nasional"
"terpopuler kritik keras muncul kebijakan anggaran program pemulihan ekonomi nasional alias pengin diluncurkan mengatasi dampak covid",6,3,3,0,"netral","Nasional"
"terpopuler kabar keluarga almarhum pengusaha akidi tio menyumbang rp triliun membantu penanganan covid mencuri perhatian tokoh publik",6,3,3,0,"netral","Nasional"
"hasil survei bps mengungkap alasan orang mengikuti vaksinasi covid corona",2,0,2,-2,"negatif","Masyarakat umum"
"jaga temperatur penanganan vaksin covid jas pakai thermal blanket via cekdulumedcom carabarumenikmatimedcom",1,0,1,-1,"negatif","Masyarakat umum"
"kahwin musim covid pkp murah tiada majlis mewah mewah perkara mudah kehidupan selepas kahwin situasi ekonomi mencabar pengantin pkp pendapat nasihat",9,4,5,-1,"negatif","Masyarakat umum"
"mengajak pengamal media berganding bahu menumpukan usaha memerangi covid menjaga kebajikan rakyat meneruskan kelangsungan ekonomi negara komunikasikita jabatanpenerangan perlismaju",2,1,1,0,"netral","Masyarakat umum"
"terpopuler kritik keras muncul kebijakan anggaran program pemulihan ekonomi nasional alias pengin diluncurkan mengatasi dampak covid",6,3,3,0,"netral","Nasional"
"hasil survei bps mengungkap alasan orang mengikuti vaksinasi covid corona",2,0,2,-2,"negatif","Masyarakat umum"
"breaking news negara babak belur ekonomi berantakan ribuan umkm terpaksa gulung tikar luhut paham teknik tracing penanganan covid banget sih nge inya",3,0,3,-3,"negatif","UMKM"
"semoga indonesia terbebas virus covid ekonomi pulih",4,2,2,0,"netral","Nasional"
"pengembang bukit algoritma misi bangkitkan ekonomi nasional covid",2,1,1,0,"netral","Nasional"
"kibarkan merah putih lawan covid indonesia sehat ekonomi bangkit polripresisi divisihumaspolri humaspoldajatim polreslumajang humaspolreslumajang",3,1,2,-1,"negatif","Nasional"
"bpn banten peduli salurkan donasi jumat berbagi rangkasbitung belahan dunia menghadapi ujian pandemi corona virus disease covid bangsa indonesia berdampak kesehatan ekonomi sosial",5,2,3,-1,"negatif","Masyarakat umum"
"obatan terapi covid mahal langka pasaran puan maharani dimana empati orang sakit membayar obat harga mahal obat ditimbun keuntungan ekonomi tindak mafia",10,5,5,0,"netral","Masyarakat umum"
"mbak puan maharani mengutuk praktik mafia obat obat terapi covid empati orang sakit membayar harga mahal obat ditimbun keuntungan ekonomi ketua dpr meminta pemerintah tindak mafia obat puanesia",11,4,7,-3,"negatif","Masyarakat umum"
"ketua dpr ri puan maharani mengutuk praktik mafia obat terapi covid empati orang sakit membayar harga mahal obat ditimbun keuntungan ekonomi tindak mafia obat puanesia",10,4,6,-2,"negatif","Masyarakat umum"
"kena persalahkan jemin sektor ekonomi beroperasi pkp kilang industri tapak pembinaan jaga ekonomi negara ramai rakyat mati dijangkiti covid",3,0,3,-3,"negatif","Masyarakat umum"
"dilakukannya vaksinasi buruh diharapkan terciptanya kekebalan kelompok herd immunity virus corona covid buruh pekerja sehat ekonomi meningkat banten kuat kapolri sinergipercepatvaksinasi patuhi ppkm lakukanm",7,3,4,-1,"negatif","Tenaga Kerja"
"adakah pemimpin harapkan menyelamatkan negara krisis wabak covid krisis ekonomi",3,0,3,-3,"negatif","Nasional"
"lapan pakej bantuan rangsangan ekonomi bernilai rm bilion dilaksanakan pandemik covid melanda negara membuktikan kerajaan mendengar be indak rakyat ekonomi be ahan tempoh mencabar komunikasikita jabatanpenerangan pemerkasa",4,3,1,2,"positif","Masyarakat umum"
"kesehatan ppkm tidak efektif tanggulangi covid ekonomi ppkm hambat ekonomi rakyat sosial ppkm berresiko kesenjangan sosial politik ppkm efektif alasan menambah utang",10,6,4,2,"positif","Masyarakat umum"
"dunia puji langkah malaysia merangsang memacu ekonomi negara wabak covid tun ph sahaja condemned kerajaan ydpa thumbs up puji langkah penjana kerajaan pn bungkos lu ph auta layan via",3,1,2,-1,"negatif","Nasional"
"prank mobil esemka tidak mikir copras capres rp ribu usd mudah atasi banjir macet jaka a presiden ekonomi meroket dana ribu trilyun donasi rp t masyarakat pandemi covid face with tears of joy",3,1,2,-1,"negatif","Masyarakat umum"
"terkesan ekoran pandemik covid meneruskan perniagaan rm juta diperuntukkan pakej perlindungan rakyat pemulihan ekonomi pemulih",4,3,1,2,"positif","Masyarakat umum"
"isnin info on wheels iow perintah kawalan pergerakan pkp kebangsaan malaysia kempen pembudayaan norma baharu putuskan rantaian covid proklamasi darurat belanjawan ekonomi mapo program imunisasi covid kebangsaan",2,0,2,-2,"negatif","Nasional"
"kesian berharap cemas wkwk sumbangan covid rp t akidi masuk kantong hibah negara",3,1,2,-1,"negatif","Masyarakat umum"
"sumbangan covid rp t akidi masuk kantong hibah negara",1,0,1,-1,"negatif","Masyarakat umum"
"apindo jawa barat keluhkan mahalnya biaya tes covid indonesia",2,1,1,0,"netral","Masyarakat umum"
"kemenaker idi sinergi turunkan risiko nakes terinfeksi covid",3,0,3,-3,"negatif","Tenaga Kerja"
"sobat gelombang pe covid presiden bikin kebijakan pengetatan takut ekonomi ambruk kenyataan covid mengusir investor asing wna antre meninggalkan indonesia tinggal pilih ambruk covid ambruk resesi ekonomi",8,0,8,-8,"negatif","Nasional"
"proklamasi darurat diisytiharkan kerana penularan wabak covid malaysia membimbangkan darurat ruang kerajaan tumpukan pemulihan ekonomi negara menjami a mengekalkan keselamatan ketenteraman awam",3,2,1,1,"positif","Masyarakat umum"
"bantuan diharapkan membantu meringankan beban ekonomi pekerja perusahaan mengalami kesulitan pandemi covid bantuansubsidiupah greyap greysiapolii",6,3,3,0,"netral","Tenaga Kerja"
"ayo kibarkan merah putih lawan covid indonesia sehat ekonomi bangkit programvaksinasimerdeka bharadaksa mengabdi",3,1,2,-1,"negatif","Nasional"
"puluhan menggeluti aktivitas petani tembakau gampong lambugak kuta cot glie aceh faisal rugi be ahan merasakan imbas ekonomi akibat pandemi covid topnews",1,0,1,-1,"negatif","UMKM"
"produsen vaksin covid untung ratusan triliun kopit untung memanfaatkan kondisi negara produsen vaksin ambil untung lockdown ekonomi hancur untung berjualan vaksin",6,4,2,2,"positif","Nasional"
"keluarga almarhum pengusaha akidi tio menyumbang rp triliun membantu penanganan covid mencuri perhatian tokoh publik",6,3,3,0,"netral","Nasional"
"sedih tengok malaysia isu ketidakstabilan politik kesihatan rakyat kes covid pengangguran anak muda ekonomi tidak menentu kuasa",7,2,5,-3,"negatif","Masyarakat umum"
"kibarkan merah putih lawan covid indonesia sehat ekonomi bangkit polripresisi divisihumaspolri humaspoldajatim polreslumajang humaspolreslumajang",3,1,2,-1,"negatif","Nasional"
"kibarkan merah putih lawan covid indonesia sehat ekonomi bangkit polripresisi divisihumaspolri humaspoldajatim polreslumajang humaspolreslumajang",3,1,2,-1,"negatif","Nasional"
"menang bersatupaduatasipandemi covid memenangkan perang melawan pandemi memenangkan perang melawan ekonomi patuhi prokes vaksin saudara ku folded hands folded hands",2,1,1,0,"netral","Masyarakat umum"
"nak jaga covid ekonomi politik pincang namati",2,0,2,-2,"negatif","Masyarakat umum"
"buruh meminta gaji pejabat dipotong tangani covid perusahaan mengancam upah buruh dibayarkan rp ribu pabrik berhenti beroperasi buruh dihadapkan pilihan kelaparan te ular covid",6,1,5,-4,"negatif","Tenaga Kerja"
"cepatlah covid and ekonomi stabil nak cari kerja kat negeri face with tears of joy face with tears of joy melaka",2,1,1,0,"netral","Masyarakat umum"
"grab merek donasi rp miliar bantu penanganan covid",1,0,1,-1,"negatif","Nasional"
"investasi waralaba te ahan lonjakan covid",1,0,1,-1,"negatif","Nasional"
"suruh pm kabinet letak jawatan pembangkang deh plan turunkan case covid pulihkan ekonomi negara takde mata nak pegang jawatan payah tunggu jelah next pru",3,0,3,-3,"negatif","Nasional"
"ketua mpr bambang soesatyo mengungkap sosok akidi tio menyumbang penanganan covid sumatera selatan rp triliun filantropis",1,0,1,-1,"negatif","Nasional"
"sidang khas perinci kemudahan individu lengkap dos vaksin dibincangkan kemudahan sektor ekonomi diperhalusi berhati hati pastikan usaha kerajaan pulihkan ekonomi kualiti hidup dilaksanakan lancar pm muhyiddin",6,4,2,2,"positif","Masyarakat umum"
"kemudahan kemudahan diumumkan terdekat diharapkan memanfaatkan individu menerima vaksinasi lengkap membantu sektor ekonomi ambil keselamatan rakyat pm muhyiddin",5,4,1,3,"positif","Masyarakat umum"
"kibarkan merah putih lawan covid indonesia sehat ekonomi bangkit polripresisi divisihumaspolri humaspoldajatim polreslumajang humaspolreslumajang",3,1,2,-1,"negatif","Nasional"
"mengajak lapisan masyarakat komponen bangsa bersatu padu bahu membahu melawan covid usaha keras insyaallah terbebas covid kegiatan ekonomi masyarakat normal",4,1,3,-2,"negatif","Masyarakat umum"
"sobat obesesi pindah kota obsesi infrastruktur obsesi pe umbuhan ekonomi angka kematian covid ditekan rendah duga presiden anggap pembatasan sosial hambatan pindah kota bangun infrastruktur",7,3,4,-1,"negatif","Nasional"
"terpuruk akibat pandemi pedagang kaki malioboro kibarkan bendera putih kibarkan bendera putih melawan lelah penanganan covid menjepit n memukul rakyat cc",3,0,3,-3,"negatif","UMKM"
"mengajak pengamal media berganding bahu menumpukan usaha memerangi covid menjaga kebajikan rakyat meneruskan kelangsungan ekonomi negara komunikasikita jabatanpenerangan",2,1,1,0,"netral","Masyarakat umum"
"tes turun kak covid indonesia turun kak sisa vaksin terpakai mari berharap jam jokowi pelonggaran ppkm meringankan beban ekonomi terdampak",4,2,2,0,"netral","Masyarakat umum"
"fokus hnsi demak apindo demak mempersembahkan loudspeaker webinar nasional loudspeaker nasib ekonomi rakyat survivalnya ditengah pandemi covid tear off calendar tanggal rabu agustus selesai meeting id passcode fokus",2,1,1,0,"netral","Masyarakat umum"
"dipenuhi kapasitas terbatas semalam webinar satgas covid percepatan perbaikan ekonomi jabar kapasitas testing jabar provinsi penduduk juta jiwa",4,2,2,0,"netral","Masyarakat umum"
"belanja negara semester i dipercepat penanganan covid pemulihan ekonomi hasilnya uangkita rp t dibelanjakan manfaat langsung masyarakat uangkitabuatapa",4,3,1,2,"positif","Masyarakat umum"
"rilis terbaru world economic outlook juli jangkauan vaksinasi stimulus masif negara maju meningkatkan proyeksi pe umbuhan ekonomi global indonesia",3,3,0,3,"positif","Nasional"
"pandemi covid membatasi gerak masyarakat terdampak akibat pandemi situasi ekonomi sulit pemerintah tidak tinggal diam menyokong masyarakat terdampak fast down button",7,2,5,-3,"negatif","Masyarakat umum"
"obat covid cabai rawit picu inflasi juli newsrctiplus",2,0,2,-2,"negatif","Masyarakat umum"
"kibarkan merah putih lawan covid indonesia sehat ekonomi bangkit polripresisi divisihumaspolri humaspoldajatim polreslumajang humaspolreslumajang",3,1,2,-1,"negatif","Nasional"
"menteri koordinator bidang perekonomian ketua komite penanganan covid pemulihan ekonomi nasional kpcpen penyaluran kredit usaha rakyat kur sektor pe anian mendekati pola normal pandemi",3,2,1,1,"positif","Nasional"
"unpopular opinion orang kerja kebulur mengharapkan bantuan sustainable they can t afford wait anymore buka sektor ekonomi menyumbang kenaikan kes covid with strict sop ye nyawa kelangsungan hidup",3,2,1,1,"positif","Masyarakat umum"
"terima kasih greysia apriyani prestasinya semoga indonesia pandemi covid ekonomi bangkit rakyat beraktivitas normal amin folded hands",3,2,1,1,"positif","Masyarakat umum"
"isipasi temantransparansi upaya mendukung pemulihan ekonomi nasional membangkitkan harapan a optimisme mewujudkan keberhasilan penanganan pandemi covid bese a dampaknya flexed biceps",6,5,1,4,"positif","Nasional"
"taknak tun pm idea lantikan menteri orang jimat duit negara menteri campur elaun rmk menteri kerja then fokus covid mageran undang undang kesihatan pendidikan ekonomi",1,0,1,-1,"negatif","Nasional"
"kerajaan pn menteri menteri umno umno gagal bersatu pendapat mesti be anggung jawap kemelesetan ekonomi kes kes covid mendadak undur kerajaan",6,1,5,-4,"negatif","Nasional"
"kerana perancangan tidak lancar peringkat akar umbi merencatkan proses pemulihan ekonomi negara berdepan pasca pandemik covid",6,3,3,0,"netral","Nasional"
"nauzubillahmindzalik mudahan ydpa budi bijaksana tuanku mengisytiharkan pemerintahan darurat dogil politikus biar tentera kerajaan kosong angka covid ekonomi negara makmur",3,2,1,1,"positif","Nasional"
"deh muak dengar orang takleh tutup kilang this is all about economy ye ekonomi anak hg anak yatim piatu mak ayah meninggal kena covid hg bayangkan lalui pandemik ramai anak yatim yatim piatu",5,0,5,-5,"negatif","Masyarakat umum"
"optimalisasi bantuan sosial masyarakat salah stimulus pe umbuhan ekonomi pemerintah memitigasi penyebaran covid pandemi teratasi syariefhasan mprri imf ekonomi demokratprorakyat",4,2,2,0,"netral","Masyarakat umum"
"beritasampit pengalaman pandemi covid masyarakat belajar kebutuhan dasar ekonomi palangka raya mantan menteri lingkungan hidup periode al",1,0,1,-1,"negatif","Masyarakat umum"
"pengalaman pandemi covid masyarakat belajar kebutuhan dasar ekonomi",1,0,1,-1,"negatif","Masyarakat umum"
"pengalaman pandemi covid masyarakat belajar kebutuhan dasar ekonomi",1,0,1,-1,"negatif","Masyarakat umum"
"pengalaman pandemi covid masyarakat belajar kebutuhan dasar ekonomi",1,0,1,-1,"negatif","Masyarakat umum"
"kesian ts muhyidin terpaksa kawal negara covid ekonomi jatuh politik stabil rakyat deh suka",4,2,2,0,"netral","Nasional"
"kesehatan pe imbangan utama pembentukan panitia tidak harapan kesehatan masyarakat fokus ekonomi jokowitahuncukuplah jokowitahuncukuplah",3,2,1,1,"positif","Masyarakat umum"
"bps catat harga obat obatan lonjakan covid",1,0,1,-1,"negatif","Masyarakat umum"
"ekonomi situasi memburuk covid dijangka tekanan hasil mgs gli kenanga research read more",3,0,3,-3,"negatif","Masyarakat umum"
"berlaku sabtu lepas membawa maksud mahiaddin turun covid cases malaysia perlukan pemimpin kawal negara pulihkan ekonomi pulihkan politik kesihatan malaysia ramai turun tanda protes maksudnya",5,1,4,-3,"negatif","Nasional"
"penjarakan fizikal sop campak laut face with tears of joy sok buka je ekonomi pandai jaga takut kena covid jarak kerajaan sibuk nak ajar orang",3,0,3,-3,"negatif","Masyarakat umum"
"ancaman covid berbahaya berbanding krisis ekonomi kewangan melanda negara tempoh dekad parlimen menangbersama",4,0,4,-4,"negatif","Nasional"
"citf ditubuhkan menangani pandemik covid inisiatif imunisasi masyarakat mempercepatkan pemulihan ekonomi negara a mengkoordinasi persekutuan negeri a perkhidmatan sokongan pelan pick menangbersama parlimen",3,2,1,1,"positif","Nasional"
"ppn roadmap strategi peralihan krisis covid berfasa melibatkan pembukaan aktiviti ekonomi sosial beransur parlimen menangbersama",5,1,4,-3,"negatif","Nasional"
"duk je situ lame pulang kali hadap shithousery political unrest case covid kali settle perkembangan ekonomi my",1,0,1,-1,"negatif","Nasional"
"buruh meminta gaji pejabat dipotong tangani covid",2,0,2,-2,"negatif","Tenaga Kerja"
"kibarkan merah putih lawan covid indonesia sehat ekonomi bangkit polripresisi divisihumaspolri humaspoldajatim polreslumajang humaspolreslumajang",3,1,2,-1,"negatif","Nasional"
"cepat sigap eh sumbangan bermasalah",3,2,1,1,"positif","Masyarakat umum"
"kibarkan merah putih lawan covid indonesia sehat ekonomi bangkit polripresisi divisihumaspolri humaspoldajatim polreslumajang humaspolreslumajang",3,1,2,-1,"negatif","Nasional"
"tuan puan tujuan kajian mengenal keberkesanan pakej rangsangan ekonomi pks prihatin tambahan pks prihatin malaysia pks terkesan wabak covid",3,0,3,-3,"negatif","Nasional"
"berkat kerja keras pemerintah keras muncul kebijakan anggaran program pemulihan ekonomi nasional alias pengin diluncurkan pemerintah mengatasi dampak covid",7,4,3,1,"positif","Nasional"
"asosiasi pengusaha indonesia apindo jawa barat mengeluhkan mahalnya harga tes covid sepe i tes usap pcr melacak warga terpapar covid indonesia",3,1,2,-1,"negatif","Masyarakat umum"
"ayo kompak pandemi covid cepat teratasi ekonomi un bangkit bersatupaduatasipandemi",3,2,1,1,"positif","Nasional"
"tengok keandaan ekonomi kes covid politik benda nak komen kongsi duduk diam tengok je hentam government dikata macai dap ph hentam pembangkang dikata macai pn",4,1,3,-2,"negatif","Nasional"
"alfatihah malaysia semoga dicucuri rahmat index kelaut ekonomi kelaut covid kelaut politik laut pkp kelaut kau nak jahanam habis negara",5,2,3,-1,"negatif","Nasional"
"berpikir pembangunan stabil dipapua ya akui papua amburadul covid ekonomi mencekam pembangunan batalkan dana dikucurkan penanganan covid",3,1,2,-1,"negatif","Masyarakat umum"
"pejabat negara memiliki hati nurani rakyatnya bergotong royong menyisihkan gajinya rakyat menderita menghadapi pandemi covid presidenkagaknga ilockdown presidenkagaknga ilockdown",4,1,3,-2,"negatif","Masyarakat umum"
"negara peduli warga negaranya negara pandemi dipikirkan cuman ekonoma ekonomi ekonomi tidak tumbuh covid merajalela wna angkat kaki mundurlah gosah petantang petenteng hasil nol",5,1,4,-3,"negatif","Masyarakat umum"
"disiplin vaksinasi covid ikhtiar informasi terkait covid kunjungi situs resmi penanganan covid pemulihan ekonomi nasional indonesiabangkit semuawajibpakaimasker",5,2,3,-1,"negatif","Nasional"
"informasi terkait covid kunjungi situs resmi penanganan covid pemulihan ekonomi nasional indonesiabangkit semuawajibpakaimasker",4,2,2,0,"netral","Nasional"
"lapan pakej bantuan rangsangan ekonomi bernilai rm bilion dilaksanakan pandemik covid melanda negara membuktikan kerajaan mendengar be indak rakyat ekonomi be ahan tempoh mencabar",4,3,1,2,"positif","Masyarakat umum"
"covid jaka a turun pengusaha harap ppkm turun level",1,0,1,-1,"negatif","UMKM"
"wamenkeu apbn bergerak fleksibel responsif menyelamatkan rakyat kemenkeu idn channel apbn keras instrumen countercyclical mengendalikan pandemi covid mengakselerasi pemulihan ekonomi nasional ter",7,4,3,1,"positif","Nasional"
"prank nya tetang indonesia kena covid makan nasi kucing prank ekonomi indonesia meroket ayau obat covid hasil be jadikan tersangka ya",3,0,3,-3,"negatif","Nasional"
"jebakan pandemi pandemic trap mengakibatkan penanganan covid sulit akibatnya ekonomi lambat pulih tidak masuk jebakan fokuslah penanganan covid pandu riono ingatkan ri jalur jebakan pandemi",10,2,8,-6,"negatif","Nasional"
"upaya menjaga aktivitas produksi mencegah penyebaran covid",1,0,1,-1,"negatif","UMKM"
"ekonom institute for development of economics and finance indef nailul huda aplikasi pedulilindungi pembenahan membangkitkan aktivitas perekonomian tracing tracking covid",1,0,1,-1,"negatif","Masyarakat umum"
"pemerintah daerah istimewa yogyaka a menyalurkan dana keistimewaan danais total rp miliar mempercepat penanganan covid level desa",2,1,1,0,"netral","Masyarakat umum"
"buka parlimen bincang covid ekonomi a kesusahan rakyat menjerit monyet pokok",2,0,2,-2,"negatif","Masyarakat umum"
"turun kawasan hang hang expected nak sok kena clear terjejas covid terjejas ekonomi kak tolong bgtau clear",4,0,4,-4,"negatif","Masyarakat umum"
"kibarkan merah putih lawan covid indonesia sehat ekonomi bangkit polripresisi divisihumaspolri humaspoldajatim polreslumajang humaspolreslumajang",3,1,2,-1,"negatif","Nasional"
"inisiatif kota cerdas asean australia mendukung desain perencanaan perkotaan makassar menghadapi era pasca covid penggunaan teknologi digital perencanaan kota berkontribusi pemulihan ekonomi cerdas inklusif berbasis data",7,5,2,3,"positif","Nasional"
"indonesia menang maju covid cepat hilg ekonomi masyarakat cari solusi terhibur pademi tunjukkan menang lwn covid mari bersatu patuhi aturan ampuhnya ekonomi spe i amin",7,5,2,3,"positif","Masyarakat umum"
"diperpanjang berharap levelnya diturunkan ppkm level ppkm level dki jaka a sarman",0,0,0,0,"netral","Masyarakat umum"
"link pendaftaran bantuan umkm pedagang terdampak covid usahamu diborong",2,1,1,0,"netral","UMKM"
"pandemi covid memperparah tren tppo orang mengalami kesulitan ekonomi",2,0,2,-2,"negatif","Masyarakat umum"
"ayo kibarkan merah putih lawan covid indonesia sehat ekonomi bangkit programvaksinasimerdeka bharadaksa mengabdi",3,1,2,-1,"negatif","Nasional"
"perkerja kilang pergi kerja nak sara ekonomi covid",1,0,1,-1,"negatif","Tenaga Kerja"
"iye orang makmal tikus covid monitor kesan takde takpe hasil monitor orang rangka buka ekonomi once deh dos lockdown jalan penyelesaiannya",2,0,2,-2,"negatif","Masyarakat umum"
"selamat kemenangan ganda putri bulutangkis ina olimpiade tokyo momen kemenangan melawan covid korupsi kemiskinan perpecahan penjajahan keterpurukan ekonomi",7,3,4,-1,"negatif","Nasional"
"covid te anggulangi ekonomi pulih pulih sibuk memikirkan pontianak bannernya",4,3,1,2,"positif","Nasional"
"umnasional johor mindx perkhidmatan kaunseling psikologi negeri johor salah inisiatif diumumkan hasni pakej rangsangan ekonomi pre ihsan johor",1,0,1,-1,"negatif","Nasional"
"tantangan pandemi covid fungsi intermediasi perbankan mengalami pe umbuhan positif simak selengkapnya bi",3,1,2,-1,"negatif","Perbankan"
"rakyat malaysia mati mati covid mati lapar lapar ekonomi jatuh mostly pekerja dibayar separuh kebanyakannya dibayar langsung",5,0,5,-5,"negatif","Masyarakat umum"
"indef mengkritik penanganan covid sakit ekonomi disuruh lari",3,0,3,-3,"negatif","Masyarakat umum"
"gelombang aksi rakyat pemerintah pandemi covid bermunculan negara rakyat mengekspresikan frustrasi kondisi ekonomi lambatnya vaksinasi covid pengabaian pemerintah penanganan pandemi simak yuk",4,0,4,-4,"negatif","Masyarakat umum"
"trisula penanganan covid pe penanggulangan kesehatan perlindungan sosial ketiga stimulus ekonomi selengkapnya desabisa mulaidaridesa",4,3,1,2,"positif","Masyarakat umum"
"sok tired with malaysia politic issues case covid sinar nak turun frontliner hospital dihujung tanduk ekonomi unstable harga barang terkawal kuasa pembeli berkurang unemployment rate meningkat cerita mental health menteri tiada kesedaran",6,2,4,-2,"negatif","Nasional"
"top news koran rakyat merdeka curhat pengusaha mengharap ppkm turun level pemasukan kosong biaya sewa cicilan jalan ppkm ppkmdarurat ppkmlevel corona coronavirus covid covid covid covid covid rakyatmerdeka rmid",6,1,5,-4,"negatif","UMKM"
"top news koran rakyat merdeka jelang hut ri gulirkan vaksin merdeka kapolri percaya ekonomi berkembang polri vaksin vaksinasi hutri corona coronavirus covid covid covid covid covid rakyatmerdeka rmid",7,2,5,-3,"negatif","Masyarakat umum"
"narkoba ancman nyata orang tingkat penyalahgunaan narkoba pandemi covid meningkat salah faktor penyebabnya mengalami stres akibat perubahan sosial ekonomi yuk lwan narkoba dimasa pandemi",8,2,6,-4,"negatif","Masyarakat umum"
"uk stop lockdown buka ekonomi kes turun drastik malaysia xcukup lockdown parlimen lock akal menteri lock simpan kabinet rakyat suffer how survive",0,0,0,0,"netral","Masyarakat umum"
"kementerian perindustrian mendorong pelaku industri berkontribusi upaya percepatan penanganan pengendalian pandemi covid tanah air prosesnewsid kementerianperindustrian ekonomi programstrategis pelakuindustri",2,1,1,0,"netral","UMKM"
"paranoid berasas cakap doktor mengaji benda ilmu medik who deh kena live with covid virus konsep ekonomi kesihatan pilih salah",5,1,4,-3,"negatif","Masyarakat umum"
"orang empathy faham hidup nmpak circle serba indah circle terkurung kat rumah tahan mental rumah makan minum rumah selesa impact covid deh teruk kat malaysia penyakit mahupun ekonomi",3,1,2,-1,"negatif","Masyarakat umum"
"rp triliun anggaran kementerian agama direalokasi tangani covid",1,0,1,-1,"negatif","Nasional"
"patut nya sibuk pulihkan ekonomi fikir tangani covid berkesan sih bangsat sibuk berkumpul sign sd kekal berkuasa babiiiii",2,1,1,0,"netral","Masyarakat umum"
"deh kerajaan tutup kilang ekonomi kerajaan buka kilang ramai rakyat mengganggur ekonomi merudum kadar kemiskinan kerajaan tutup kilang sekurang kurangnya turunkan kes covid",3,0,3,-3,"negatif","Masyarakat umum"
"tahi pn pkp separuh masak gantung demokrasi kes covid kebanyakannya kluster kilang tutup kilang ekonomi merudum pelabur melabur negara kerajaan kukuh dll",5,1,4,-3,"negatif","Masyarakat umum"
"nyawa cuba tengok lepas kerajaan laksanakan pkp ketat kes covid menurum selepas memasuki pkpp rakyat deh kerja ekonomi be ambah",3,0,3,-3,"negatif","Masyarakat umum"
"ya selagi jateng nomor penyebaran covid lanjutkan upgrade peraturan biar sektor dagang ekonomi lancar jalan",3,1,2,-1,"negatif","UMKM"
"lapan pakej bantuan rangsangan ekonomi bernilai rm bilion dilaksanakan pandemik covid melanda negara membuktikan kerajaan mendengar be indak rakyat ekonomi be ahan tempoh mencabar",4,3,1,2,"positif","Masyarakat umum"
"sedih malaysia sideways merudum covid kes kematian ekonomi rakyat rudum bursa tenat suppo patah deh indak terendah dunia kerajaan bangsat pembangkang dungu rakyat nak survive woi habis mat hancur",9,1,8,-7,"negatif","Masyarakat umum"
"satgas lawan covid pemulihan ekonomi nasional dpr ri inspeksi mendadak sidak perusahaan farmasi pt kimia farma plant banjaran bandung jawa barat meninjau kesiapan kimia farma memproduksi obat antivirus covid",7,3,4,-1,"negatif","Nasional"
"mostly kecam lawan affected ekonomi family members orang kenalan rapat kena covid orang hilang someone covid you live comfo ably alhamdulillah most of them cerdik last reso nak pemimpin dengar",7,2,5,-3,"negatif","Masyarakat umum"
"kritik keras muncul kebijakan anggaran program pemulihan ekonomi nasional alias pengin diluncurkan pemerintah mengatasi dampak covid",6,3,3,0,"netral","Nasional"
"at bansos keluarga tidak kegiatan ekonomi ibadah sosial berjalan insyaallah terdeteksi terisolasi carrier covid terkonfirmasi covid menurun pandemi monggo langsung presiden rapat kabinet",5,1,4,-3,"negatif","Masyarakat umum"
"empati rakyat berjibaku melawan covid be ahan hidup hancurnya ekonomi emak sebar spanduk",2,1,1,0,"netral","Masyarakat umum"
"kerajaan pn gagal memimpin negara menyelesaikan permasalahan rakyat juta kes covid rakyat meninggal ekonomi tenat rakyat hilang kerja duit simpanan habis graduan universiti menganggur rakyat resah",8,3,5,-2,"negatif","Masyarakat umum"
"presiden pemerintah menyeimbangkan upaya penanganan covid pemulihan ekonomi nasional covid melonjak akibat varian delta pemerintah tidak menarik rem",7,3,4,-1,"negatif","Nasional"
"insting gue bilang covid biological warfare negara lemah kalah geopolitik ekonomi nop kualitas pendidikan sains negara melawan pikiran bodoh masyarakat dipersulit tingkat pendidikan rendah",5,0,5,-5,"negatif","Masyarakat umum"
"melawan covid will never winning menjinakkan covid self vaxinated recourfullness roda ekonomi berputar menekan covid prokes mandatory",4,0,4,-4,"negatif","Masyarakat umum"
"sebulan ppkm ketat evaluasi ekonomi turun covid selesai",3,0,3,-3,"negatif","Masyarakat umum"
"sebulan ppkm ketat covid selesai ekonomi turun",3,0,3,-3,"negatif","Masyarakat umum"
"tesis pe entangkan ekonomi vs kesehatan menangani pandemi empirik tidak terbukti dampak covid thd ekonomi negara mengontrol public health kaget lihat posisi indonesia ya grinning face with big eyes",6,2,4,-2,"negatif","Nasional"
"dandim sampang bese a staf jajaran dirgahayu korem bhaskara jaya jiwai semangat sapta marga sumpah prajurit wajib tni rakyat mendukung percepatan penanganan pandemi covid pemulihan ekonomi nasional",5,4,1,3,"positif","Nasional"
"konsumsi energi menekan sumber daya alam dunia mulyani penyebab utama climate change pembangunan besaran mobilitas masyarakat",2,1,1,0,"netral","Masyarakat umum"
"evaluasi ppkm berhasil menyalahkan rakyat terkendali definisi terkendali",2,1,1,0,"netral","Masyarakat umum"
"prediksi diperpanjang kondisional turun levelnya ppkm diperpanjang berat masyarakat bantuan tidak kemana sampainya rakyat sakit covid ekonomi",5,1,4,-3,"negatif","Masyarakat umum"
"ayo kibarkan merah putih lawan covid indonesia sehat ekonomi bangkit programvaksinasimerdeka bharadaksa mengabdi",3,1,2,-1,"negatif","Nasional"
"wagub hati hati longgarkan aktifitas ekonomi angka covid landai via",3,2,1,1,"positif","Nasional"
"dewan komisaris direksi keluarga pt pln persero selamat bhayangkara transformasi polri presisi mendukung percepatan penanganan covid masyarakat sehat pemulihan ekonomi nasional indonesia maju haribhayangkarake",7,6,1,5,"positif","Masyarakat umum"
"kapitalisme gagal tangani pandemi gelombang protes rakyat tuntut perubahan serba serbi mmc gelombang aksi rakyat pemerintah pandemi covid bermunculan negara rakyat mengekspresikan frustrasi kondisi ekonomi",5,0,5,-5,"negatif","Masyarakat umum"
"ulas dunia dunia gagal melawan covid jangkaan kematian ramai ekonomi hancur beperang grinning face with sweat",5,0,5,-5,"negatif","Masyarakat umum"
"pemberian dosis vaksinasi anti covid dilaksanakan tni al pusat hidro oseanografi tni angkatan laut pushidrosal gelar pusat sentra ekonomi jaka a utara mangga square ancol jakut minggu",1,0,1,-1,"negatif","Masyarakat umum"
"berharap pe umbuhan ekonomi malaysia memperkukuhkan status ekonomi negara mempercepatkan pemulihan sosioekonomi rakyat pasca covid",2,1,1,0,"netral","Nasional"
"ngurusi ekonomi gagal ngurusi bumn gagal berantas korupsi gagal ngurusi covid gagal gagal meluluh mendingan pakdemundurplease",7,0,7,-7,"negatif","Nasional"
"penerima bantuan terverifikasi validasi nama alamatnya dilengkapi nik bantuan masyarakat terdampak langsung ekonomi sosial akibat pandemi covid kumhampeduli kumhamberbagi",6,5,1,4,"positif","Masyarakat umum"
"penanganan dampak covid beriringan sisi kesehatan ekonomi covidturuntetapppkm",2,1,1,0,"netral","Masyarakat umum"
"nak malaysia ku kes covid meningkat kerajaan stabil ekonomi stabil politik panas sentiasa berdemo berarak kerajaan gagal rakyat gagal sedih crying face",10,4,6,-2,"negatif","Masyarakat umum"
"kunci pemulihan ekonomi pengusaha dorong pemerintah percepat alokasi vaksinasi covid",3,2,1,1,"positif","Masyarakat umum"
"je tunggu pru nk jatuhkan pn concept lets strike while the iron is still hot umno cakap isu covid deh berjaya ditangani ekonomi is back on track deh takde point menangguk air keruh parliment",4,2,2,0,"netral","Nasional"
"semangat berantas covid insya allah ekonomi pulih indonesia maju",5,4,1,3,"positif","Nasional"
"dilema perpanjang tidak sisi angka covid sisi ekonomi memburuk nya tunjuangan pns gol te entu kalo bumn potong ditiadakan membantu membutuhkan ppkm perpanjang",5,1,4,-3,"negatif","Tenaga Kerja"
"ya psbtas kalo jokowi mundur gsgal tangani covid gagal prrbaiki ekonomi korupsi parah",5,0,5,-5,"negatif","Nasional"
"now liveinterview bank pekalongan paparan kinerja pemulihan ekonomi terkait dampak covid kepala bidang pemasaran bank pekalongan muhammad falahuddin",3,2,1,1,"positif","Perbankan"
"diskusi membantu mengatasi dampak covid berimbas masyarakat luas covid",5,3,2,1,"positif","Masyarakat umum"
"gerak cepat kapolri percepatan vaksinasi semoga target vaksin tercapai ekonomi indonesia pulih bravo polri",3,3,0,3,"positif","Nasional"
"dimana dampaknya pandemi covid menggila ekonomi hutang menggunung",3,0,3,-3,"negatif","Masyarakat umum"
"berarak naikkan ekonomi negara kes covid sure menurun pelabur berduyun masuk syabas clapping hands",2,0,2,-2,"negatif","Nasional"
"bersidang parlimen sure covid selesai pastu berkumpul pelabur suka berduyun pelabur masuk nk melabur kat negara ekonomi be ambah hentam indeks bursa sure melonjak paras te inggi",2,1,1,0,"netral","Nasional"
"potong gaji tunjangan pejabat bantuan covid rakyat bersedia",2,1,1,0,"netral","Tenaga Kerja"
"akibat menangani covid gawe bubrah tatan pranatan sosial ekonomi kemasyarakatan sosial budaya pendidikan peribadatan menangani penyakit gaduh a bubrah sosial kehidupan masyarakat sih stopkopit",5,3,2,1,"positif","Masyarakat umum"
"semoga covid cepat covid aman kegiatan ekonomi mesti hati hati",6,4,2,2,"positif","Masyarakat umum"
"rse mse kes hritu lockdown kes covid kali tnggi sekrg n kali rmai orang bunuh lockdown ekonomi jtuh truk msti kes brkurg bosan deh whau pm brhnti kmbing hitam politik",2,0,2,-2,"negatif","Masyarakat umum"
"kes covid kematian beratus sehari mp bergaduh rebut kuasa ekonomi parah bursa menjunam nak malaysiaku pensive face",4,1,3,-2,"negatif","Masyarakat umum"
"ri juara dunia covid ekonomi mandek anggaran pengin manjur meninggal agustus senin rp triliun akido tio akhlak dosen adek armando ganteng minggu kucing pakdemundurplease pakdemundurplease",5,2,3,-1,"negatif","Masyarakat umum"
"ppkm level diperpanjang tidak pemerintah masysrakat susah terjepit imbas panndemi masyarakat hancur ekonomi masyarakat mati corona covid mati kelaparan",8,0,8,-8,"negatif","Masyarakat umum"
"koramil mirit babinsa serda wito menyalurkan bantuan sembako meringankan beban ekonomi warga terpapar virus covid",5,2,3,-1,"negatif","Masyarakat umum"
"meringankan beban ekonomi warga masyarakat ditengah pandemi babinsa posramil bonorowo membagikan sembako warga masyarakat bonorowo terdampak virus covid",4,1,3,-2,"negatif","Masyarakat umum"
"indef kritik penanganan covid ri sakit ekonomi disuruh lari meninggal agustus senin rp triliun akido tio akhlak dosen adek armando ganteng minggu kucing covid covid",6,0,6,-6,"negatif","Masyarakat umum"
"berabenya terima rp triliun akidi tio meninggal pakdemundurplease presidenkagaknge ilockdown pakdekibarkanbenderaputih justiceforibhrsandkm bongkarkorupsibansos batalkanuuciptakerja tokyoolympics covid mondaymorning",3,1,2,-1,"negatif","Masyarakat umum"
"kotaku senin harinya pasar pagi ramai orang desa belanja keperluan rumah tangga dijual desanya pandemi setahun sepi takut covid kondisi ekonomi berat",4,0,4,-4,"negatif","Masyarakat umum"
"mas pandemi pemimpin paham skala prioritas asap api didahulukan penanganan covid pemulihan ekonomi nasional sepakat diselamatkan pemimpin uji krisis",5,2,3,-1,"negatif","Nasional"
"berita aadk edisi julai sop covid op patuh besaran julai hamzah zainudin mof adakan sesi libat urus prestasi ekonomi warga aadk pkpd operasi pgh tele halo dibuka sepe i",4,2,2,0,"netral","Masyarakat umum"
"desakan terdesak ph ambil alih covid ekonomi boom auta je",1,0,1,-1,"negatif","Masyarakat umum"
"ri juara dunia covid ekonomi mandek anggaran pengin manjur lantai graha bukopin pt bestprofit futures cabang surabaya",4,2,2,0,"netral","Masyarakat umum"
"breaking news institusi arab saudi meminta bukti vaksinasi covid pekerjanya",2,0,2,-2,"negatif","Tenaga Kerja"
"diproyeksikan pekan ihsg cenderung bergerak fluktuatif kepastian perpanjangan ppkm level a perkembangan harian covid harga obligasi pemerintah mengalami penguatan menjelang rilis data ekonomi pekan",3,0,3,-3,"negatif","Masyarakat umum"
"buzer rp dilindungi hukum hukum milik penguasa rezim rp menutupin kegagalan rezim zolim penganangan covid ekonomi hancur utang menggunung rakyat susah dll",4,0,4,-4,"negatif","Masyarakat umum"
"covid hilang senang ekonomi bangkit ppkmlevelberdampakbaik pagii papua dukung penuh otsus",4,2,2,0,"netral","Masyarakat umum"
"mengurangi beban ekonomi warga situasi pandemi covid waka polsek rendang i gusti ngurah bagus astawa sh memimpin anggota menyalurkan sumbangan sembako paket warga terdampak desa menanga rendang karangasem senin",5,2,3,-1,"negatif","Masyarakat umum"
"kelurahan rame doang pakai seragam pas bikin surat keterangan terdampak ekonomi covid kemana jawabannya oper kontak dibales jawabannya tidak no respon mandiri ya rakyat",2,0,2,-2,"negatif","Masyarakat umum"
"pandemi covid berdampak kondisi ekonomi keluarga ppkmlevelberdampakbaik",1,0,1,-1,"negatif","Masyarakat umum"
"didik rachbini menyoroti alokasi anggaran penanganan covid pemulihan ekonomi nasional tempobisnis",3,2,1,1,"positif","Nasional"
"psbb bagikan sembako ude kemarin nyatanye covid kelar perekonomian dki keblangsak adek oteke warga miskin suruh bantu bantu mlongo",2,0,2,-2,"negatif","Masyarakat umum"
"jaka a negara dunia berjuang menghadapi dampak pandemi corona covid asia negara memiliki kondisi perekonomian terbaik asia bidang ekonomi",5,2,3,-1,"negatif","Masyarakat umum"
"peduli guru mengaji ketua dpc ppp bagikan sembako semoga bermanfaat meringankan beban ekonomi masyarakat guru mengaji terdampak covid",4,2,2,0,"netral","Masyarakat umum"
"bantuan sosial bhayangkara negeri disaat ppkm level polsek tegalrejo menyalurkan bansos paket sembako wira usaha mikro terdampak pemberlakuan ppkm level diharapkan meringankan beban kebutuhan ekonomi disaat terdampak pandemi covid",5,3,2,1,"positif","UMKM"
"pfizer inc moderna inc menaikkan harga vaksin covid kontrak pasokan terbaru uni eropa pe kali diungkap laporan the financial times minggu",2,1,1,0,"netral","Nasional"
"spending pemerintah returnnya mengalahkan vaksinasi covid massal b cepat membangkitkan ekonomi menyelamatkan puluhan ribu nyawa",4,2,2,0,"netral","Masyarakat umum"
"vaksin vaksin vaksin asia vaksinasinya lambat proyeksi pe umbuhan ekonominya dipangkas inggris amerika cepat dinaikkan",2,1,1,0,"netral","Masyarakat umum"
"darurat tamat hasilnya kes covid terkawal vaksin lembab ribuan mati ribuan hilang bergantung ramai hilang kerja ekonomi merudum syarikat gulung tikar muhyiddin kekal berkuasa",5,1,4,-3,"negatif","Masyarakat umum"
"n kedepan dihadapkan ancaman terpapar covid ancaman ekonomi krisis kepemimpinan persatuan bangsa berani mengambil jalan berbeda solusi menawarkan pemimpin diluar percaya kekuatan",9,1,8,-7,"negatif","Nasional"
"kapitalisme gagal tangani pandemi gelombang protes rakyat tuntut perubahan gelombang aksi rakyat pemerintah pandemi covid bermunculn negara rkyt mengekspresikan frustrasi kondisi ekonomi lambatny vaksinasi covid",6,0,6,-6,"negatif","Masyarakat umum"
"indonesia buruk dimata dunia kelemahan kecuaian pemerintah menangani covid melemahkan ekonomi rakyat parah meningkatkan kemiskinan a pengangguran ganda",7,1,6,-5,"negatif","Masyarakat umum"
"be anya berita viral covid kisah jamu indonesia sembuhkan pasien covid swedia",3,1,2,-1,"negatif","Masyarakat umum"
"polri tni membantu program pemerintah proses penanganan covid pemulihan ekonomi nasional bersinergi pemerintah pusat daerah beriktiar menghadapi tantangan pandemi covid",7,3,4,-1,"negatif","Nasional"
"ye btol bro xsesuai adakan protes kes covid mencanak betol nak lawan muda kayak bijak ekonomi lawan mp ganti mp tua sedia pru deh nam",6,2,4,-2,"negatif","Masyarakat umum"
"menanguk air keruh bab vaksinasi covid tiada mudah mengendalikan berjuta rakyat malaysia gagal pn mengendalikan isu ekonomi menjurus kehancuran sesetengah terkesan",5,1,4,-3,"negatif","Masyarakat umum"
"kapitalisme gagal tangani pandemi gelombang protes rakyat tuntut perubahan serba serbi mmc gelombang aksi rakyat pemerintah pandemi covid bermunculan negara rakyat mengekspresikan frustrasi kondisi ekonomi",5,0,5,-5,"negatif","Masyarakat umum"
"jokowi ppkm level data grafik covid turun bermakna melanjutkan ppkm ongkos nya mahal ancaman kelaparan ekonomi mandeg rakyat opsi pencegahan level obat manjur prophylaksis ivermectine",6,2,4,-2,"negatif","Masyarakat umum"
"halo sobatrbpn kementerian atr bpn berupaya a mendukung pemulihan ekonomi penanganan covid indonesia salah upayanya refocusing anggaran total rp miliar terbagi tahap",5,3,2,1,"positif","Nasional"
"presiden mengajak elemen bangsa bersatu melawan pandemi covid memporak porandakan sektor kesehatan ekonomi nasional bersatupaduatasipandemi aktifitas sosial normal",4,3,1,2,"positif","Masyarakat umum"
"agustus oil h harga area prediksi sell investor galau kondisi ekonomi lonjakan covid manfaatkan peluang gaes pasang stoploss ya smiling face with sunglasses",1,0,1,-1,"negatif","Masyarakat umum"
"populasi wargaemas meningkat ditambah penyakit berisiko anak anak kehidupan normal bermakna permintaan perkhidmatan pusatjagaan warga emas mnow covid pandemik jururawat ekonomi",6,2,4,-2,"negatif","Masyarakat umum"
